feature,importance
plas,0.2877907
mass,0.15186024
age,0.13385186
preg,0.09773006
pedi,0.08968072
skin,0.08472383
insu,0.08184906
pres,0.07251357
