feature,importance
plas,0.22573519
mass,0.14675845
age,0.1348495
insu,0.10884153
pedi,0.102839954
preg,0.10176321
pres,0.095472544
skin,0.08373965
