feature,importance
plas,0.25256172
mass,0.14752465
age,0.13456993
preg,0.09960052
insu,0.09743465
pedi,0.094920665
skin,0.08787133
pres,0.08551646
